text,intent
What's wrong with my maize field?,crop_health_status
How is my crop doing?,crop_health_status
Are there any diseases in my field?,crop_health_status
What disease was detected?,disease_information
What is affecting these leaves?,disease_information
What disease did the camera find?,disease_information
How confident is the AI?,show_confidence
How sure is the system?,show_confidence
What is the confidence score?,show_confidence
Which zones need spraying?,show_spray_map
Show me the spraying map,show_spray_map
Where does the system recommend treatment?,show_spray_map
Show me last week's results,historical_results
What happened in this field last week?,historical_results
Compare this week's results with last week,historical_results
Is the disease getting worse?,health_trend
Has the disease increased?,health_trend
Show me the disease trend,health_trend
Where was the disease detected?,disease_location
Show me where the infected plants are,disease_location
Why was this area flagged?,explain_alert
Why did the AI mark this plant as diseased?,explain_alert
Should I spray now?,verify_spray_decision
Can I spray this area?,verify_spray_decision
Do I need to treat this field?,verify_spray_decision
